,mean,std
state_t_0,215.611726161484,6.654360410819458
state_t_1,227.87745991027288,8.653648615414056
state_t_2,237.30896947229348,8.248750463905651
state_t_3,247.9121327376285,6.786212564915773
state_t_4,256.22774477511103,6.242481101204005
state_t_5,259.4511281383799,8.248978756831907
state_t_6,255.27106627571789,10.156791200188596
state_t_7,246.69780669617268,10.112555020621889
state_t_8,236.98057171263318,9.2179553566545
state_t_9,230.27405570003367,8.811588941961858
state_t_10,225.05471243385793,8.137214285477377
state_t_11,220.92826711539468,7.430134507406763
state_t_12,217.1085443892768,6.722935029451757
state_t_13,213.8941347561039,6.321085634649616
state_t_14,210.53718790060242,6.51221736579675
state_t_15,207.05238620021623,7.606374036407773
state_t_16,202.84738590359822,9.965425769984702
state_t_17,200.04132548877016,11.791468615028428
state_t_18,199.2711445112505,10.034789579939366
state_t_19,201.2267539036504,8.243987769252287
state_t_20,203.71197548863773,5.474862997255237
state_t_21,206.90027058954038,4.073703747731269
state_t_22,210.4349629138823,4.320394809074098
state_t_23,214.2364897018389,5.4791073432272865
state_t_24,218.053110944878,6.961553119544271
state_t_25,221.90095886685137,8.30969865402526
state_t_26,225.66787723099932,9.521390020869994
state_t_27,229.34730351949744,10.51801636494366
state_t_28,232.91291550498065,11.345065719000159
state_t_29,236.37990856302562,12.000671735241385
state_t_30,239.74241391024586,12.514422152268965
state_t_31,243.01970327813797,12.893331405448993
state_t_32,246.2050401597955,13.16096641922994
state_t_33,249.2932796884444,13.327863688695784
state_t_34,252.26964169173993,13.405303035665675
state_t_35,255.12373335321192,13.407720759946821
state_t_36,257.849219307211,13.359146506356913
state_t_37,260.43428086364725,13.28055487238238
state_t_38,262.8623974492576,13.18969896370966
state_t_39,265.11530841798793,13.098515369948975
state_t_40,267.1804169850127,13.012572135949377
state_t_41,269.06210397202966,12.936820027796784
state_t_42,270.7731948596492,12.873086571729873
state_t_43,272.3317723706043,12.822057406989423
state_t_44,273.7610250630583,12.785305093765327
state_t_45,275.0877505303895,12.7660020288943
state_t_46,276.3327943290096,12.764583631058233
state_t_47,277.509715261577,12.781770959281417
state_t_48,278.62027578722797,12.81721071970803
state_t_49,279.6627742673921,12.867767579560162
state_t_50,280.6396539228859,12.930511600582848
state_t_51,281.56133401343953,13.003434937473086
state_t_52,282.44374010051496,13.087407501553963
state_t_53,283.3039158414732,13.187003961106065
state_t_54,284.15542583891164,13.31561846858705
state_t_55,285.00724435169,13.494430423493858
state_t_56,285.8581625239725,13.757856905266658
state_t_57,286.71822096541337,14.061569169677004
state_t_58,287.5774340757813,14.379395052304929
state_t_59,288.465969266708,14.743187708756373
state_q0001_0,1.7138992990909056e-06,3.958819358852344e-07
state_q0001_1,1.7170925053274412e-06,3.978459563941697e-07
state_q0001_2,1.7240228881186117e-06,3.9889783076929816e-07
state_q0001_3,1.730675379338681e-06,3.9966804900880257e-07
state_q0001_4,1.7394863096707406e-06,4.0109197526842783e-07
state_q0001_5,1.749511307200041e-06,4.024327612856126e-07
state_q0001_6,1.7635475247590162e-06,4.002917075178322e-07
state_q0001_7,1.7801772993527522e-06,3.940448096103247e-07
state_q0001_8,1.8019928263709084e-06,3.821623338668948e-07
state_q0001_9,1.8268083249866525e-06,3.65307987000513e-07
state_q0001_10,1.8589557821703394e-06,3.475761623004053e-07
state_q0001_11,1.9015407426421938e-06,3.5168061319370223e-07
state_q0001_12,1.9274014797632783e-06,3.915731343060937e-07
state_q0001_13,1.935445246969409e-06,4.5661612770397237e-07
state_q0001_14,1.9273779246644333e-06,5.622567640613546e-07
state_q0001_15,1.885071284534985e-06,6.723359837752781e-07
state_q0001_16,1.785487236483452e-06,5.803925195925192e-07
state_q0001_17,1.7305899260564118e-06,6.395842914340543e-07
state_q0001_18,2.096233895639504e-06,1.0706329708335214e-06
state_q0001_19,3.23488582269009e-06,1.9900105949295425e-06
state_q0001_20,5.6805283994204725e-06,3.5287095409330005e-06
state_q0001_21,9.762559155785952e-06,5.8865983582863936e-06
state_q0001_22,1.670677037423982e-05,1.171681988367448e-05
state_q0001_23,2.865297886941396e-05,2.4060863618012454e-05
state_q0001_24,4.8220084455289586e-05,4.64366160413006e-05
state_q0001_25,7.855966929364948e-05,8.27405744748182e-05
state_q0001_26,0.00012183161106671278,0.00013592908522424681
state_q0001_27,0.00017982965201036972,0.00020703958303330797
state_q0001_28,0.0002539318501048726,0.0002958715660958456
state_q0001_29,0.0003461394538608128,0.0004027024581725831
state_q0001_30,0.0004594850336243897,0.0005294559860295431
state_q0001_31,0.0005966767393606206,0.0006755108958733686
state_q0001_32,0.000759012148029929,0.0008362180133890894
state_q0001_33,0.0009474885375524794,0.0010062613019796226
state_q0001_34,0.001165148221379497,0.0011828382195708616
state_q0001_35,0.001416358847210074,0.0013661020365360627
state_q0001_36,0.0017028866604352074,0.0015562758869182253
state_q0001_37,0.0020249303441181718,0.0017531177421729102
state_q0001_38,0.0023798455276863393,0.0019562651237361554
state_q0001_39,0.002763587762688976,0.002163817612501333
state_q0001_40,0.0031741250247951857,0.0023755111596521347
state_q0001_41,0.003607462005624194,0.00259039466817332
state_q0001_42,0.00405827807870841,0.0028064005957834774
state_q0001_43,0.004521459037080762,0.0030197981195285435
state_q0001_44,0.0049897329222828735,0.0032272020655901936
state_q0001_45,0.005451934283709236,0.0034264441370876588
state_q0001_46,0.005895805702018195,0.003618003569422589
state_q0001_47,0.006309907400512122,0.0038027472188852584
state_q0001_48,0.006689712614089789,0.003979259264521787
state_q0001_49,0.007040007969395887,0.0041475325387218135
state_q0001_50,0.007369383052040159,0.004310711289095643
state_q0001_51,0.007687192238404436,0.004474463114089722
state_q0001_52,0.008000917868204449,0.004645262795088914
state_q0001_53,0.008313929334118375,0.0048268938273660555
state_q0001_54,0.00862287661614438,0.005017359909562171
state_q0001_55,0.008914089053835858,0.005201295947600177
state_q0001_56,0.009169090330698591,0.005358502850712991
state_q0001_57,0.009379536659440387,0.005474512652629483
state_q0001_58,0.009556151901546068,0.0055561371837163755
state_q0001_59,0.009728901349167613,0.005634049640106227
state_q0002_0,3.719534983013444e-34,7.798731591836012e-34
state_q0002_1,3.6845810926533725e-34,8.103741315003146e-34
state_q0002_2,3.6735798154347396e-34,8.901101035064153e-34
state_q0002_3,3.6390938360531764e-34,1.0254069904611076e-33
state_q0002_4,3.6254083882070354e-34,1.300766898874477e-33
state_q0002_5,3.801991588793119e-34,1.813723073845792e-33
state_q0002_6,3.969136177371606e-34,2.1773015446416504e-33
state_q0002_7,3.9288852568468525e-34,2.1126039815717833e-33
state_q0002_8,3.490133441494015e-34,1.6522685613459e-33
state_q0002_9,2.7022741528717064e-34,1.1645377278314987e-33
state_q0002_10,1.773877267747627e-34,7.749341939931146e-34
state_q0002_11,5.620428769427406e-35,2.606626585492754e-34
state_q0002_12,2.5610905896930766e-38,2.650544131313589e-37
state_q0002_13,9.910097885123955e-44,1.2444324205842179e-42
state_q0002_14,5.9396844793439054e-49,1.013206373648545e-47
state_q0002_15,1.1317812415586368e-51,2.5038913511316304e-48
state_q0002_16,7.020172194964243e-48,9.051329169271279e-45
state_q0002_17,4.648933782935224e-43,6.442970260395129e-40
state_q0002_18,3.682942597446877e-40,4.369747806028177e-37
state_q0002_19,1.2134945328585435e-37,1.1163132924039935e-34
state_q0002_20,7.758916552140089e-35,8.19793209003112e-32
state_q0002_21,5.437801343728308e-32,6.289874424342617e-29
state_q0002_22,4.4209285454286006e-29,5.289699729230865e-26
state_q0002_23,3.509261463811932e-26,3.8276454568042373e-23
state_q0002_24,7.35150001487529e-23,7.971496313159225e-20
state_q0002_25,1.35121595807261e-18,2.4657729649582043e-15
state_q0002_26,1.695584972847204e-13,3.281258779078769e-10
state_q0002_27,1.0429840245637609e-11,1.9355422490454973e-09
state_q0002_28,4.4308135762253025e-09,9.358356955770092e-08
state_q0002_29,1.1344398273482004e-07,1.2691176292444263e-06
state_q0002_30,6.238811009752476e-07,4.195226221005831e-06
state_q0002_31,1.5657475513257764e-06,7.680797121693172e-06
state_q0002_32,2.6254107724328326e-06,1.0822376226170505e-05
state_q0002_33,3.653764628056273e-06,1.3521132090609052e-05
state_q0002_34,4.732306952570461e-06,1.603392965016305e-05
state_q0002_35,5.93493798384356e-06,1.8375596788276772e-05
state_q0002_36,7.182992452964409e-06,2.0000487921079728e-05
state_q0002_37,8.441633060222165e-06,2.1101643125240647e-05
state_q0002_38,9.734612430710354e-06,2.2312875988063746e-05
state_q0002_39,1.1085052411025662e-05,2.3642469934474118e-05
state_q0002_40,1.259867548950241e-05,2.5145494431087886e-05
state_q0002_41,1.4309176009871174e-05,2.6708487077544614e-05
state_q0002_42,1.628213343523805e-05,2.836303042281382e-05
state_q0002_43,1.869595925040805e-05,3.0419533296992136e-05
state_q0002_44,2.1614664936484786e-05,3.297868829506972e-05
state_q0002_45,2.475304923141941e-05,3.578557142537366e-05
state_q0002_46,2.7484100457042143e-05,3.811188705931476e-05
state_q0002_47,2.9112116836405095e-05,3.9056225072133335e-05
state_q0002_48,2.9558714718988796e-05,3.8639273989664026e-05
state_q0002_49,2.9129915327199772e-05,3.7440589661738695e-05
state_q0002_50,2.7997766798442013e-05,3.575400091470004e-05
state_q0002_51,2.626155712630122e-05,3.4066852269395684e-05
state_q0002_52,2.3858272909749528e-05,3.23078961436048e-05
state_q0002_53,2.08080148706964e-05,3.0507541567151636e-05
state_q0002_54,1.7296173022388004e-05,2.8683931007735345e-05
state_q0002_55,1.3780173819115915e-05,2.6809839310181363e-05
state_q0002_56,1.0813493707724938e-05,2.5012100028257003e-05
state_q0002_57,8.593507949850529e-06,2.3297261471912075e-05
state_q0002_58,6.679132191924546e-06,2.1094423478959336e-05
state_q0002_59,3.549012085197437e-06,1.389576329077678e-05
state_q0003_0,2.6084781862496825e-12,3.924055892566903e-12
state_q0003_1,2.762250737360339e-12,4.259508508246158e-12
state_q0003_2,3.105498299037232e-12,5.114106486865466e-12
state_q0003_3,3.5436286645267177e-12,6.418862524939712e-12
state_q0003_4,3.9810843318831e-12,7.886347233941265e-12
state_q0003_5,4.43872955321253e-12,9.617645346892472e-12
state_q0003_6,5.387846205682012e-12,1.3636238493695051e-11
state_q0003_7,7.987802078330387e-12,2.509915948026718e-11
state_q0003_8,1.4156924377266758e-11,5.1267429247525885e-11
state_q0003_9,2.948189864604988e-11,1.7114949081756143e-10
state_q0003_10,5.3046648923971986e-11,5.635027233776001e-10
state_q0003_11,1.0342290453371128e-10,2.353005825869256e-09
state_q0003_12,2.167166391721186e-10,8.160858045453655e-09
state_q0003_13,1.830967201251609e-10,6.069487880977389e-09
state_q0003_14,1.6086736027145636e-10,4.866508635859145e-09
state_q0003_15,4.876134571314672e-10,8.306070613273866e-08
state_q0003_16,7.817883848318702e-09,6.98568865171643e-07
state_q0003_17,4.4440424152618664e-08,2.181851490513711e-06
state_q0003_18,1.0899082884259881e-07,2.9435120299846633e-06
state_q0003_19,4.6243810765374534e-07,6.462968257830359e-06
state_q0003_20,1.0076062596540586e-06,9.648808085349777e-06
state_q0003_21,1.837188875251523e-06,1.2825335356897202e-05
state_q0003_22,2.856875017071835e-06,1.5680466285425712e-05
state_q0003_23,3.971155176705389e-06,1.7978643422387472e-05
state_q0003_24,5.073411934556631e-06,1.986322345314647e-05
state_q0003_25,6.2147009938060404e-06,2.1853210257227372e-05
state_q0003_26,7.398371818185934e-06,2.4067985326017485e-05
state_q0003_27,8.553917130837996e-06,2.6159943223258082e-05
state_q0003_28,9.584241558647972e-06,2.7724495065029062e-05
state_q0003_29,1.0401410823729042e-05,2.837768769177861e-05
state_q0003_30,1.0783220362188158e-05,2.738399401463498e-05
state_q0003_31,1.0525721744774467e-05,2.461949664007877e-05
state_q0003_32,9.87152134187371e-06,2.1450213940487602e-05
state_q0003_33,9.176604587864501e-06,1.897938798763992e-05
state_q0003_34,8.579323461502168e-06,1.739770499226374e-05
state_q0003_35,8.035187088930916e-06,1.6438342530500946e-05
state_q0003_36,7.499982264839603e-06,1.5844308106394276e-05
state_q0003_37,7.017672923586324e-06,1.5389442852505536e-05
state_q0003_38,6.606346067574011e-06,1.4918671184969338e-05
state_q0003_39,6.26261805731135e-06,1.4382732797927379e-05
state_q0003_40,5.958034062905217e-06,1.381053930230266e-05
state_q0003_41,5.682396064829378e-06,1.3242904664206328e-05
state_q0003_42,5.442874580330098e-06,1.2693869470802282e-05
state_q0003_43,5.245357379064552e-06,1.2183364002841649e-05
state_q0003_44,5.066846852596647e-06,1.1706258295119359e-05
state_q0003_45,4.873674771868585e-06,1.1252357931504218e-05
state_q0003_46,4.642933933184675e-06,1.0802673695787781e-05
state_q0003_47,4.378589508692913e-06,1.0345531497579773e-05
state_q0003_48,4.095673167209683e-06,9.883148234862382e-06
state_q0003_49,3.806832667852398e-06,9.438276073954435e-06
state_q0003_50,3.5240533345819876e-06,9.02793503413029e-06
state_q0003_51,3.2517375800158112e-06,8.645248641643073e-06
state_q0003_52,2.9916727578114095e-06,8.280342050847289e-06
state_q0003_53,2.7443683957672058e-06,7.933073891832074e-06
state_q0003_54,2.5157170750640506e-06,7.620402942539425e-06
state_q0003_55,2.313277654677182e-06,7.358796941626828e-06
state_q0003_56,2.1401338573876924e-06,7.139452110233176e-06
state_q0003_57,1.9882145476457794e-06,6.927088664360937e-06
state_q0003_58,1.829691192507989e-06,6.627507041821267e-06
state_q0003_59,1.6719516714028749e-06,6.243713203910497e-06
state_u_0,8.646214333060184,38.88472995111257
state_u_1,10.71605693088923,37.34677438906115
state_u_2,12.396376151059236,37.45641135622665
state_u_3,12.684769605397115,38.29767826066119
state_u_4,12.058958870728123,38.66677145584776
state_u_5,11.013496088090005,37.268785399694735
state_u_6,9.86829309404958,33.91350983566374
state_u_7,8.696405635879584,30.147611477723554
state_u_8,7.616751829599898,26.95448111528596
state_u_9,6.596516527328337,24.344186010555507
state_u_10,5.736741431543748,22.12689302123127
state_u_11,5.208632768959697,20.23108889657884
state_u_12,5.18843087342496,18.552637645353776
state_u_13,5.6436534231273185,17.14592225441377
state_u_14,6.495666099099109,16.112696185942205
state_u_15,7.922656812347263,15.426226659358257
state_u_16,10.256601640271978,15.102511129335166
state_u_17,13.420573256683811,15.464915948152166
state_u_18,16.582215995763228,16.31330226267332
state_u_19,18.94896147135597,17.146604907318018
state_u_20,20.436559671795084,17.66337257372433
state_u_21,21.211956387083326,17.721243041577296
state_u_22,21.412642553066775,17.453324037034196
state_u_23,21.217546232457657,16.89449806449105
state_u_24,20.728798275144868,16.143013455174362
state_u_25,20.026056939013518,15.27410056651496
state_u_26,19.179476164955346,14.373756652309948
state_u_27,18.246210919593523,13.482904499888681
state_u_28,17.260738859129166,12.623918964851226
state_u_29,16.24255820620481,11.808632053535097
state_u_30,15.203606940002668,11.04775903935879
state_u_31,14.15512762603451,10.354980710469615
state_u_32,13.10660913840434,9.744391426594362
state_u_33,12.067680989145444,9.223396249274316
state_u_34,11.050777744401168,8.788646950940796
state_u_35,10.068699729268223,8.430508650864635
state_u_36,9.135050771396347,8.142639276798185
state_u_37,8.25802162797552,7.914927794226129
state_u_38,7.444876909202893,7.733431886205666
state_u_39,6.700396886214168,7.582420557769146
state_u_40,6.027566387009548,7.449059914237561
state_u_41,5.422924654532177,7.3308752858215405
state_u_42,4.8786022368271915,7.233413490485721
state_u_43,4.383852117962938,7.165269136939681
state_u_44,3.926635805845768,7.130858222063257
state_u_45,3.4971836099794023,7.127416857535821
state_u_46,3.090514942911341,7.14647916528118
state_u_47,2.706310944816105,7.176433047152291
state_u_48,2.344617447624406,7.207158652786172
state_u_49,2.006020381873827,7.233732951707962
state_u_50,1.6931321224236098,7.25364547688791
state_u_51,1.4078337290864051,7.261965115041469
state_u_52,1.151444385925438,7.247772123043406
state_u_53,0.9244878663823924,7.198248211904802
state_u_54,0.7288375063625474,7.101255318255598
state_u_55,0.5595318481050955,6.952348991745901
state_u_56,0.3993105147041541,6.739279360512177
state_u_57,0.2511404640398492,6.42347210244992
state_u_58,0.09766599942167702,5.9220768361336775
state_u_59,-0.04253918773072742,5.252434030518428
state_v_0,-1.2695366976333629,20.897394720659168
state_v_1,-0.5398472878115829,15.296682363481732
state_v_2,-0.24312129224740778,12.048773900642235
state_v_3,-0.07599745287346722,10.56248155265262
state_v_4,0.024981663562950406,9.147923285971087
state_v_5,0.051460723066027725,7.569371224756927
state_v_6,0.0388120209779928,6.4190109251538745
state_v_7,0.028978406164616905,5.957911807128243
state_v_8,0.021403174045734965,5.610127134152847
state_v_9,0.016697624107358984,5.192352561272296
state_v_10,0.014541483105130537,4.811877804272831
state_v_11,0.014416439494726851,4.523760776129367
state_v_12,0.012958509818701959,4.323064964388766
state_v_13,0.010676967013730974,4.208856766489926
state_v_14,0.00861055085389094,4.208946183962608
state_v_15,0.009534412897800605,4.383338628249418
state_v_16,0.01389500972946891,4.887029179699737
state_v_17,-0.01214194072524514,6.047318898283827
state_v_18,-0.1078661008710274,7.573476692483292
state_v_19,-0.17266163809574767,8.882424698183518
state_v_20,-0.17397238100364773,9.78006424847943
state_v_21,-0.14144284736758417,10.272531966836171
state_v_22,-0.10932535203871675,10.422219567203022
state_v_23,-0.06786404773819646,10.254008253258348
state_v_24,-0.040122492659676434,9.851201107081273
state_v_25,-0.029776606670631887,9.331740335747627
state_v_26,-0.025890597485151955,8.80892828303091
state_v_27,-0.02317009415602719,8.330237132193897
state_v_28,-0.019836017908152984,7.893018463779259
state_v_29,-0.019344781560720514,7.480544314887311
state_v_30,-0.022907314827997766,7.078982742918015
state_v_31,-0.026647086353207367,6.6833208879250465
state_v_32,-0.024594070685528383,6.2951840607160285
state_v_33,-0.016808109649647726,5.918925175569618
state_v_34,-0.007065205073489362,5.560039514417171
state_v_35,-0.001979353521469501,5.224797180212955
state_v_36,-0.004380965022671133,4.917661639044763
state_v_37,-0.013283472897884755,4.646314896341067
state_v_38,-0.02599333768815666,4.413627168830652
state_v_39,-0.0386347658822823,4.220368488610836
state_v_40,-0.050447397871308065,4.064812705404568
state_v_41,-0.06063888122441177,3.944527079844162
state_v_42,-0.06766344837002294,3.855915948646748
state_v_43,-0.06940898150446645,3.7962531236811987
state_v_44,-0.06302649166794648,3.766050384690381
state_v_45,-0.0471589274090219,3.7708857842851273
state_v_46,-0.02310873585370006,3.817091979069571
state_v_47,0.008550760187744418,3.9040836036899114
state_v_48,0.04552317804938243,4.023668438712543
state_v_49,0.08306527118784136,4.162650124297185
state_v_50,0.11912875465575326,4.309051565526032
state_v_51,0.15241573024114927,4.455563710947395
state_v_52,0.18344907906423796,4.598486788257011
state_v_53,0.21099689017157522,4.729467460753386
state_v_54,0.23593268245494944,4.840418427108318
state_v_55,0.256110205922456,4.922860580609988
state_v_56,0.26635826084853403,4.967781967936126
state_v_57,0.2504903317994611,4.954198435863366
state_v_58,0.20294374461160658,4.8193372131936005
state_v_59,0.1758671507849056,4.4013064883156
state_ps,98623.66903963753,4441.587238387647
pbuf_SOLIN,340.4192939905668,438.68912642838615
pbuf_LHFLX,72.61951148464627,78.35948871927765
pbuf_SHFLX,22.385354466399182,59.54649099532803
pbuf_TAUX,-0.0025384399695601756,0.08684387061945645
pbuf_TAUY,-0.0025012236487859723,0.06861655877274303
pbuf_COSZRS,0.2502784593700393,0.322384249536475
cam_in_ALDIF,0.5598000169358233,0.4301915488052812
cam_in_ALDIR,0.5761753384450445,0.4177826063421155
cam_in_ASDIF,0.5484029688683764,0.45153177065937655
cam_in_ASDIR,0.5651504077132127,0.43916562489674765
cam_in_LWUP,404.22678733019194,77.44783936235815
cam_in_ICEFRAC,0.0371452443623308,0.14481159752237338
cam_in_LANDFRAC,0.29944514342419526,0.3896844709448429
cam_in_OCNFRAC,0.6634096122134737,0.4127638208824947
cam_in_SNOWHLAND,0.053433542239087924,0.20906386333077825
pbuf_ozone_0,2.86931783748866e-07,2.4408754376857503e-08
pbuf_ozone_1,5.167784629830416e-07,4.396138484694352e-08
pbuf_ozone_2,9.262764524525781e-07,7.879661889521409e-08
pbuf_ozone_3,1.645282540722315e-06,1.3996113254630525e-07
pbuf_ozone_4,2.8798214385306577e-06,2.4498106561741763e-07
pbuf_ozone_5,4.934396826568603e-06,4.197599811496364e-07
pbuf_ozone_6,8.221007582015648e-06,6.993458590678275e-07
pbuf_ozone_7,1.3006066683301327e-05,1.0991275195514241e-06
pbuf_ozone_8,1.369123232240898e-05,1.572988214926107e-06
pbuf_ozone_9,1.4031436846158897e-05,2.4553132730410284e-06
pbuf_ozone_10,1.3045389278142628e-05,2.3775361500242206e-06
pbuf_ozone_11,1.1390755430613627e-05,1.801267619348882e-06
pbuf_ozone_12,9.005809762801794e-06,9.004130970953028e-07
pbuf_ozone_13,6.925171201427004e-06,6.527874657095368e-07
pbuf_ozone_14,4.863140672861322e-06,1.006546940030749e-06
pbuf_ozone_15,3.2877362632541605e-06,1.1795716319511845e-06
pbuf_ozone_16,2.1203196280997312e-06,1.1703877847946908e-06
pbuf_ozone_17,1.2942085035956874e-06,1.0182419060422748e-06
pbuf_ozone_18,8.444195997055433e-07,7.794404181699266e-07
pbuf_ozone_19,6.050474437780414e-07,5.837408765999058e-07
pbuf_ozone_20,4.684257947742571e-07,4.542821833493217e-07
pbuf_ozone_21,3.790362473779803e-07,3.655936013303369e-07
pbuf_ozone_22,3.0730095682874485e-07,2.9349415109202403e-07
pbuf_ozone_23,2.442961353248752e-07,2.2856438039822702e-07
pbuf_ozone_24,1.954261397011944e-07,1.712030440248629e-07
pbuf_ozone_25,1.5887052394302265e-07,1.255546744268721e-07
pbuf_ozone_26,1.3033610320159399e-07,8.734182905060863e-08
pbuf_ozone_27,1.150507606541873e-07,6.528851380202874e-08
pbuf_ozone_28,1.0200336483390256e-07,4.720627245019503e-08
pbuf_ozone_29,9.566593807588948e-08,3.847173585724044e-08
pbuf_ozone_30,9.016288904190086e-08,3.1721330486171834e-08
pbuf_ozone_31,8.674951593915693e-08,2.8168217964460613e-08
pbuf_ozone_32,8.409983814997977e-08,2.5842931130432214e-08
pbuf_ozone_33,8.157931183597472e-08,2.431070491958944e-08
pbuf_ozone_34,7.925751237885094e-08,2.3640347324219268e-08
pbuf_ozone_35,7.694022898381902e-08,2.3116992744314312e-08
pbuf_ozone_36,7.481581764784358e-08,2.2601360709240033e-08
pbuf_ozone_37,7.282627761051324e-08,2.2098615315504948e-08
pbuf_ozone_38,7.086084480164154e-08,2.1674524884157155e-08
pbuf_ozone_39,6.87896287985253e-08,2.1458169366383096e-08
pbuf_ozone_40,6.675398691323034e-08,2.1370499283208813e-08
pbuf_ozone_41,6.482276865493437e-08,2.134765290172274e-08
pbuf_ozone_42,6.29763887236826e-08,2.135517134425313e-08
pbuf_ozone_43,6.113863618646493e-08,2.132821640227864e-08
pbuf_ozone_44,5.9396257154598274e-08,2.1374033788623687e-08
pbuf_ozone_45,5.775263430094373e-08,2.1482324963016078e-08
pbuf_ozone_46,5.6275670161567956e-08,2.1581298168181626e-08
pbuf_ozone_47,5.515008800419431e-08,2.151137223894267e-08
pbuf_ozone_48,5.414057235267126e-08,2.1474363256977274e-08
pbuf_ozone_49,5.321007846400156e-08,2.1464121281078912e-08
pbuf_ozone_50,5.233136379888292e-08,2.1441303806172482e-08
pbuf_ozone_51,5.161555660863377e-08,2.1352334515180777e-08
pbuf_ozone_52,5.1029062564504836e-08,2.122112192458064e-08
pbuf_ozone_53,5.0458158883765304e-08,2.1085515910094995e-08
pbuf_ozone_54,4.9879962633719116e-08,2.0975615615146427e-08
pbuf_ozone_55,4.929313779623871e-08,2.0835732916414967e-08
pbuf_ozone_56,4.8742409307484754e-08,2.0631420912868394e-08
pbuf_ozone_57,4.815067723039976e-08,2.0329303623597283e-08
pbuf_ozone_58,4.7454653291242276e-08,1.9862150999071385e-08
pbuf_ozone_59,4.6820346957068386e-08,1.9376456582230163e-08
pbuf_CH4_0,1.360233115824098e-07,6.732467187484247e-08
pbuf_CH4_1,1.570621743295629e-07,7.6267282167094e-08
pbuf_CH4_2,1.8125848150124524e-07,8.612361116740751e-08
pbuf_CH4_3,2.0887284600905853e-07,9.681318797751944e-08
pbuf_CH4_4,2.400280149678529e-07,1.0815371050446819e-07
pbuf_CH4_5,2.7463588958201253e-07,1.1984504842277578e-07
pbuf_CH4_6,3.1236224368196646e-07,1.314834891280078e-07
pbuf_CH4_7,3.5266300120149587e-07,1.4261216327495993e-07
pbuf_CH4_8,3.948994242371498e-07,1.5279318714269914e-07
pbuf_CH4_9,4.3849462517185314e-07,1.6166935742042649e-07
pbuf_CH4_10,4.830586329155102e-07,1.6898547009323671e-07
pbuf_CH4_11,5.284147095223859e-07,1.7456459344064084e-07
pbuf_CH4_12,5.745112925642856e-07,1.78264910515642e-07
pbuf_CH4_13,6.212716783631466e-07,1.7995411225396296e-07
pbuf_CH4_14,6.684720652624925e-07,1.795217698940203e-07
pbuf_CH4_15,7.157214496810572e-07,1.7691809786506472e-07
pbuf_CH4_16,7.625544130080727e-07,1.7218462017575682e-07
pbuf_CH4_17,8.085785097872018e-07,1.6544782081869413e-07
pbuf_CH4_18,8.535847177244547e-07,1.5687808026614014e-07
pbuf_CH4_19,8.929216057494724e-07,1.429863356177342e-07
pbuf_CH4_20,9.224346942251377e-07,1.217765941001281e-07
pbuf_CH4_21,9.463746016594539e-07,9.74967461830047e-08
pbuf_CH4_22,9.65835744101839e-07,7.171528236084221e-08
pbuf_CH4_23,9.812003355216817e-07,4.7140152697348964e-08
pbuf_CH4_24,9.917323646293227e-07,2.5725722529772924e-08
pbuf_CH4_25,9.971741269548443e-07,9.576240605121637e-09
pbuf_CH4_26,9.984453228426473e-07,2.295456406036994e-09
pbuf_CH4_27,9.986058137126296e-07,
pbuf_CH4_28,9.986058137126296e-07,
pbuf_CH4_29,9.986058137126296e-07,
pbuf_CH4_30,9.986058137126296e-07,
pbuf_CH4_31,9.986058137126296e-07,
pbuf_CH4_32,9.986058137126296e-07,
pbuf_CH4_33,9.986058137126296e-07,
pbuf_CH4_34,9.986058137126296e-07,
pbuf_CH4_35,9.986058137126296e-07,
pbuf_CH4_36,9.986058137126296e-07,
pbuf_CH4_37,9.986058137126296e-07,
pbuf_CH4_38,9.986058137126296e-07,
pbuf_CH4_39,9.986058137126296e-07,
pbuf_CH4_40,9.986058137126296e-07,
pbuf_CH4_41,9.986058137126296e-07,
pbuf_CH4_42,9.986058137126296e-07,
pbuf_CH4_43,9.986058137126296e-07,
pbuf_CH4_44,9.986058137126296e-07,
pbuf_CH4_45,9.986058137126296e-07,
pbuf_CH4_46,9.986058137126296e-07,
pbuf_CH4_47,9.986058137126296e-07,
pbuf_CH4_48,9.986058137126296e-07,
pbuf_CH4_49,9.986058137126296e-07,
pbuf_CH4_50,9.986058137126296e-07,
pbuf_CH4_51,9.986058137126296e-07,
pbuf_CH4_52,9.986058137126296e-07,
pbuf_CH4_53,9.986058137126296e-07,
pbuf_CH4_54,9.986058137126296e-07,
pbuf_CH4_55,9.986058137126296e-07,
pbuf_CH4_56,9.986058137126296e-07,
pbuf_CH4_57,9.986058137126296e-07,
pbuf_CH4_58,9.986058137126296e-07,
pbuf_CH4_59,9.986058137126296e-07,
pbuf_N2O_0,2.472339413120106e-08,1.2306159183657822e-08
pbuf_N2O_1,3.0954232953078125e-08,1.4951000405472957e-08
pbuf_N2O_2,3.871253702056723e-08,1.808924357624584e-08
pbuf_N2O_3,4.828629322794227e-08,2.1754427515318405e-08
pbuf_N2O_4,5.994067516715754e-08,2.5943532388153136e-08
pbuf_N2O_5,7.38657832387616e-08,3.060013785078163e-08
pbuf_N2O_6,9.012604849998687e-08,3.5607184959042634e-08
pbuf_N2O_7,1.0863745455516183e-07,4.079729859393223e-08
pbuf_N2O_8,1.2919436400797366e-07,4.598064662566938e-08
pbuf_N2O_9,1.51542911916137e-07,5.09788400053409e-08
pbuf_N2O_10,1.754651087367526e-07,5.564792649740424e-08
pbuf_N2O_11,2.0082343689010403e-07,5.988045568357328e-08
pbuf_N2O_12,2.2753676852503953e-07,6.359130290132098e-08
pbuf_N2O_13,2.5550344929399984e-07,6.670259263305031e-08
pbuf_N2O_14,2.845244088119824e-07,6.9141441499656e-08
pbuf_N2O_15,3.142815109192316e-07,7.085219106103329e-08
pbuf_N2O_16,3.4439143840927177e-07,7.181220268029275e-08
pbuf_N2O_17,3.7450533911681e-07,7.203745119047004e-08
pbuf_N2O_18,4.043926453947562e-07,7.157321581777967e-08
pbuf_N2O_19,4.3050227360828934e-07,6.712100560807557e-08
pbuf_N2O_20,4.493946117873066e-07,5.694179746525071e-08
pbuf_N2O_21,4.6398545221628444e-07,4.4935776067924135e-08
pbuf_N2O_22,4.7497152577540244e-07,3.235376295657003e-08
pbuf_N2O_23,4.829154756310378e-07,2.073086483735795e-08
pbuf_N2O_24,4.87877056525783e-07,1.0981033152103997e-08
pbuf_N2O_25,4.902593798246564e-07,3.981622566674787e-09
pbuf_N2O_26,4.907923411543209e-07,9.447781076104586e-10
pbuf_N2O_27,4.908583856935718e-07,
pbuf_N2O_28,4.908583856935718e-07,
pbuf_N2O_29,4.908583856935718e-07,
pbuf_N2O_30,4.908583856935718e-07,
pbuf_N2O_31,4.908583856935718e-07,
pbuf_N2O_32,4.908583856935718e-07,
pbuf_N2O_33,4.908583856935718e-07,
pbuf_N2O_34,4.908583856935718e-07,
pbuf_N2O_35,4.908583856935718e-07,
pbuf_N2O_36,4.908583856935718e-07,
pbuf_N2O_37,4.908583856935718e-07,
pbuf_N2O_38,4.908583856935718e-07,
pbuf_N2O_39,4.908583856935718e-07,
pbuf_N2O_40,4.908583856935718e-07,
pbuf_N2O_41,4.908583856935718e-07,
pbuf_N2O_42,4.908583856935718e-07,
pbuf_N2O_43,4.908583856935718e-07,
pbuf_N2O_44,4.908583856935718e-07,
pbuf_N2O_45,4.908583856935718e-07,
pbuf_N2O_46,4.908583856935718e-07,
pbuf_N2O_47,4.908583856935718e-07,
pbuf_N2O_48,4.908583856935718e-07,
pbuf_N2O_49,4.908583856935718e-07,
pbuf_N2O_50,4.908583856935718e-07,
pbuf_N2O_51,4.908583856935718e-07,
pbuf_N2O_52,4.908583856935718e-07,
pbuf_N2O_53,4.908583856935718e-07,
pbuf_N2O_54,4.908583856935718e-07,
pbuf_N2O_55,4.908583856935718e-07,
pbuf_N2O_56,4.908583856935718e-07,
pbuf_N2O_57,4.908583856935718e-07,
pbuf_N2O_58,4.908583856935718e-07,
pbuf_N2O_59,4.908583856935718e-07,
ptend_t_0,1.029292605592189e-05,3.230481946912082e-05
ptend_t_1,-6.971553256199447e-06,4.4448206817320484e-05
ptend_t_2,-3.152995065005487e-06,5.2930169897340543e-05
ptend_t_3,-3.196192675126076e-06,6.890626577099745e-05
ptend_t_4,-3.631293381307171e-06,9.138196098798215e-05
ptend_t_5,-2.228574841164536e-06,0.00011031333443482675
ptend_t_6,-3.135064701937359e-07,0.00010345736658588874
ptend_t_7,3.97841918599614e-07,7.878247091645651e-05
ptend_t_8,1.8378483341030184e-07,5.0254522053968445e-05
ptend_t_9,-1.6061139935799405e-08,3.8697307773466766e-05
ptend_t_10,1.3826398015867485e-07,2.9495811780641844e-05
ptend_t_11,1.8609302402655136e-07,2.2654691352345673e-05
ptend_t_12,2.951912641203165e-07,1.6709786220136693e-05
ptend_t_13,3.7510937239048566e-07,1.258026695710177e-05
ptend_t_14,5.673700588208563e-07,9.306242802963469e-06
ptend_t_15,9.315768934608871e-07,7.360591729317514e-06
ptend_t_16,1.7205802971895409e-06,6.69067704528271e-06
ptend_t_17,1.6537209486140507e-06,7.791531593930497e-06
ptend_t_18,7.61109410173154e-07,1.0914715106492547e-05
ptend_t_19,-3.895319222404057e-07,1.3757671585681898e-05
ptend_t_20,-3.525640875897841e-07,1.5039857067913694e-05
ptend_t_21,-2.384662491428843e-06,1.5897460193785694e-05
ptend_t_22,-4.123969596316254e-06,1.767704534732237e-05
ptend_t_23,-5.6497205444747944e-06,2.0231026236020097e-05
ptend_t_24,-6.6151906579420075e-06,2.326252797735305e-05
ptend_t_25,-6.618196279957931e-06,2.7114614789040634e-05
ptend_t_26,-5.816823087769295e-06,3.1784419401707685e-05
ptend_t_27,-4.6841272109438725e-06,3.719912247537685e-05
ptend_t_28,-3.5774957357729696e-06,4.290598979927044e-05
ptend_t_29,-2.5715199420495044e-06,4.889463044688757e-05
ptend_t_30,-1.6895296922323428e-06,5.44014376046761e-05
ptend_t_31,-9.051309388302091e-07,5.844775798061302e-05
ptend_t_32,-2.766882783742388e-07,6.122211388375901e-05
ptend_t_33,1.9124659072245427e-07,6.307763373048167e-05
ptend_t_34,4.858560890524412e-07,6.419879527493293e-05
ptend_t_35,6.518459506608965e-07,6.454136034860815e-05
ptend_t_36,6.987884169476522e-07,6.407019668133231e-05
ptend_t_37,7.023156262506756e-07,6.331889409627547e-05
ptend_t_38,6.878855406624777e-07,6.261887579582532e-05
ptend_t_39,6.06122679197208e-07,6.200864255360946e-05
ptend_t_40,4.620000097972289e-07,6.151244286660584e-05
ptend_t_41,2.5606694698495297e-07,6.109672541924281e-05
ptend_t_42,-3.630766255099552e-08,6.1000532004461005e-05
ptend_t_43,-3.854951299988421e-07,6.126553771517676e-05
ptend_t_44,-6.968308288753515e-07,6.162526584188891e-05
ptend_t_45,-6.930943463827981e-07,6.176351401945847e-05
ptend_t_46,-1.9058464713312036e-07,6.120812060174003e-05
ptend_t_47,6.681606966581026e-07,6.008873057664485e-05
ptend_t_48,1.570436944528799e-06,5.881632231946724e-05
ptend_t_49,2.378790256737036e-06,5.738236223528372e-05
ptend_t_50,3.055281825428842e-06,5.585169797415876e-05
ptend_t_51,3.687163342797021e-06,5.426232375344807e-05
ptend_t_52,4.263530700985558e-06,5.255283365805579e-05
ptend_t_53,4.4392978192596146e-06,5.077239726294278e-05
ptend_t_54,3.897348433145965e-06,4.901401057550414e-05
ptend_t_55,2.0962345628809013e-06,4.770233761090438e-05
ptend_t_56,-1.3578007786408298e-06,4.7189675376756194e-05
ptend_t_57,-8.660288252456052e-06,4.7429231957158446e-05
ptend_t_58,-2.524008602873689e-05,5.146438069672073e-05
ptend_t_59,-6.211784727705222e-05,7.313965695849576e-05
ptend_q0001_0,-3.645490610059541e-17,2.073819040228713e-14
ptend_q0001_1,-2.2791183960735183e-17,1.835002097765641e-14
ptend_q0001_2,2.3037566672054616e-17,1.3763359016939321e-14
ptend_q0001_3,7.186415988348744e-19,5.388781108152061e-15
ptend_q0001_4,0.0,0.0
ptend_q0001_5,0.0,0.0
ptend_q0001_6,0.0,0.0
ptend_q0001_7,0.0,0.0
ptend_q0001_8,0.0,0.0
ptend_q0001_9,0.0,0.0
ptend_q0001_10,0.0,0.0
ptend_q0001_11,0.0,0.0
ptend_q0001_12,2.9313800329572343e-15,1.1525898405556298e-12
ptend_q0001_13,7.534864903471602e-15,9.26615523858528e-13
ptend_q0001_14,1.079550425851679e-14,6.831806575457542e-12
ptend_q0001_15,4.8859949237970005e-14,2.8252719721633228e-11
ptend_q0001_16,3.475118625850083e-14,2.8563728715443423e-11
ptend_q0001_17,-2.5671977526421116e-13,2.1599177090789035e-11
ptend_q0001_18,-5.878527718934303e-13,4.0548989555413314e-11
ptend_q0001_19,-2.5543001065488998e-12,8.836154611674468e-11
ptend_q0001_20,-9.503349342807851e-12,1.856514435954404e-10
ptend_q0001_21,-3.1225062513766025e-11,4.0908573719780923e-10
ptend_q0001_22,-8.932236934994093e-11,8.849318296540531e-10
ptend_q0001_23,-2.1117172902663487e-10,1.7284561894439082e-09
ptend_q0001_24,-4.2968487716063517e-10,3.032042133817007e-09
ptend_q0001_25,-7.608726616220855e-10,4.821342956684355e-09
ptend_q0001_26,-1.1677582027140054e-09,6.921066166991727e-09
ptend_q0001_27,-1.584667342453471e-09,9.100452321394486e-09
ptend_q0001_28,-1.9657052238335516e-09,1.1277798705223067e-08
ptend_q0001_29,-2.3260997063853822e-09,1.3552311083781256e-08
ptend_q0001_30,-2.663160465372881e-09,1.5723563515621895e-08
ptend_q0001_31,-2.890943694640122e-09,1.747109583746601e-08
ptend_q0001_32,-2.9824027087710055e-09,1.8883206645981035e-08
ptend_q0001_33,-2.94578005020747e-09,2.0146653670463606e-08
ptend_q0001_34,-2.824794673726087e-09,2.1492075017439908e-08
ptend_q0001_35,-2.677899059867782e-09,2.3176919761395763e-08
ptend_q0001_36,-2.5201884544257117e-09,2.518380155974539e-08
ptend_q0001_37,-2.3579289422383302e-09,2.7546172239636962e-08
ptend_q0001_38,-2.1778035000549574e-09,3.026266323466492e-08
ptend_q0001_39,-1.971604014522039e-09,3.349733454784104e-08
ptend_q0001_40,-1.6985538147177968e-09,3.7082676429593734e-08
ptend_q0001_41,-1.3412583690566865e-09,4.097923010027446e-08
ptend_q0001_42,-8.727687805148715e-10,4.491890959477961e-08
ptend_q0001_43,-2.316336231384292e-10,4.8671051452356065e-08
ptend_q0001_44,4.679979547234243e-10,5.204847804167299e-08
ptend_q0001_45,1.0406600163574478e-09,5.505052720073375e-08
ptend_q0001_46,1.2290555722529102e-09,5.7153603701218395e-08
ptend_q0001_47,9.191473609031663e-10,5.8259331098542174e-08
ptend_q0001_48,2.917064958547475e-10,5.882876487275972e-08
ptend_q0001_49,-6.562885757857244e-10,5.8852862210673293e-08
ptend_q0001_50,-2.0412230818963506e-09,5.856043388753045e-08
ptend_q0001_51,-4.19539593981114e-09,5.8065716892716505e-08
ptend_q0001_52,-7.426366651876332e-09,5.7338677182711546e-08
ptend_q0001_53,-1.1534787416871631e-08,5.63345749834889e-08
ptend_q0001_54,-1.603275547701755e-08,5.4529320579528535e-08
ptend_q0001_55,-1.948504078239893e-08,5.15668312658765e-08
ptend_q0001_56,-2.1284060461916927e-08,4.878368152610637e-08
ptend_q0001_57,-1.9720985761665185e-08,4.451520169863241e-08
ptend_q0001_58,-1.809614744298018e-08,4.268702740650587e-08
ptend_q0001_59,-1.4424601739434552e-08,3.817134431911333e-08
ptend_q0002_0,0.0,0.0
ptend_q0002_1,0.0,0.0
ptend_q0002_2,0.0,0.0
ptend_q0002_3,0.0,0.0
ptend_q0002_4,0.0,0.0
ptend_q0002_5,0.0,0.0
ptend_q0002_6,0.0,0.0
ptend_q0002_7,0.0,0.0
ptend_q0002_8,0.0,0.0
ptend_q0002_9,0.0,0.0
ptend_q0002_10,0.0,0.0
ptend_q0002_11,0.0,0.0
ptend_q0002_12,-2.134242158077564e-41,2.2087867760946574e-40
ptend_q0002_13,-8.258414904269962e-47,1.0370270171535152e-45
ptend_q0002_14,-4.949737066119921e-52,8.443386447071205e-51
ptend_q0002_15,-9.431510346321976e-55,2.0865761259430254e-51
ptend_q0002_16,-5.850143495803535e-51,7.542774307726067e-48
ptend_q0002_17,-3.874111485779352e-46,5.369141883662607e-43
ptend_q0002_18,-3.0691188312057313e-43,3.6414565050234813e-40
ptend_q0002_19,-1.011245444048786e-40,9.302610770033283e-38
ptend_q0002_20,-6.465763793450072e-38,6.831610075025932e-35
ptend_q0002_21,-4.531501119773591e-35,5.241562020285511e-32
ptend_q0002_22,-3.6841071211905024e-32,4.4080831076923866e-29
ptend_q0002_23,-2.9243845531766097e-29,3.189704547336864e-26
ptend_q0002_24,-6.126250012396075e-26,6.642913594299355e-23
ptend_q0002_25,-1.126013298393841e-21,2.0548108041318373e-18
ptend_q0002_26,-1.4129874773726693e-16,2.734382315898975e-13
ptend_q0002_27,-7.852706901782336e-15,2.704766887296455e-12
ptend_q0002_28,-3.46895204471857e-12,7.06479237367876e-11
ptend_q0002_29,-3.180604451880105e-11,3.34322508587242e-10
ptend_q0002_30,-8.074339514398456e-11,6.988810481899318e-10
ptend_q0002_31,-9.610237590223242e-11,1.1318786151491454e-09
ptend_q0002_32,-7.832444101580507e-11,1.787218789208642e-09
ptend_q0002_33,-6.629456857412046e-11,2.5922737984304067e-09
ptend_q0002_34,-6.106026534151192e-11,3.482764479018196e-09
ptend_q0002_35,-4.9187581352532014e-11,4.492340085936206e-09
ptend_q0002_36,-2.9968727876690244e-11,5.524546265720385e-09
ptend_q0002_37,-1.7178874754982352e-11,6.468046668026559e-09
ptend_q0002_38,-6.611727642667863e-12,7.2416883837664774e-09
ptend_q0002_39,3.4383530769232215e-12,7.89842299539317e-09
ptend_q0002_40,1.3065957119135467e-11,8.477009247884822e-09
ptend_q0002_41,3.1388539567284475e-11,9.008423617716923e-09
ptend_q0002_42,4.544034779732153e-11,9.506505077957579e-09
ptend_q0002_43,6.291260266289705e-11,9.982868162506482e-09
ptend_q0002_44,8.444419764211239e-11,1.0462968000479826e-08
ptend_q0002_45,1.0586734009508858e-10,1.0933072037370939e-08
ptend_q0002_46,1.142367236484529e-10,1.1250535233735895e-08
ptend_q0002_47,1.1287336277342457e-10,1.1255519251036727e-08
ptend_q0002_48,1.0985438351846951e-10,1.0939996680191598e-08
ptend_q0002_49,1.0885366074793207e-10,1.0353105581472477e-08
ptend_q0002_50,1.2462673098067406e-10,9.568222279016625e-09
ptend_q0002_51,1.3863901593974842e-10,8.62875391913451e-09
ptend_q0002_52,1.3960789262197566e-10,7.579172154307236e-09
ptend_q0002_53,1.1377988021206719e-10,6.47296406596325e-09
ptend_q0002_54,8.08256555651044e-11,5.458475689288744e-09
ptend_q0002_55,4.8420027200988735e-11,4.642890770391401e-09
ptend_q0002_56,2.7872524275254475e-11,4.040059352047201e-09
ptend_q0002_57,5.491533155474853e-12,3.742214206541504e-09
ptend_q0002_58,-5.873431042809438e-11,3.5786003989197027e-09
ptend_q0002_59,-5.651460959523601e-10,2.691433242168854e-09
ptend_q0003_0,0.0,0.0
ptend_q0003_1,0.0,0.0
ptend_q0003_2,0.0,0.0
ptend_q0003_3,0.0,0.0
ptend_q0003_4,0.0,0.0
ptend_q0003_5,0.0,0.0
ptend_q0003_6,0.0,0.0
ptend_q0003_7,0.0,0.0
ptend_q0003_8,0.0,0.0
ptend_q0003_9,0.0,0.0
ptend_q0003_10,0.0,0.0
ptend_q0003_11,0.0,0.0
ptend_q0003_12,-8.62975656218932e-16,1.1445816103953818e-12
ptend_q0003_13,-7.434059251368351e-16,8.550753201934048e-13
ptend_q0003_14,-8.276120493483101e-16,7.906192023469374e-13
ptend_q0003_15,3.7953797315170046e-15,4.6235016367356305e-11
ptend_q0003_16,-1.528640554827523e-14,3.17939671185539e-10
ptend_q0003_17,-6.960852122774294e-13,9.205409326312655e-10
ptend_q0003_18,-5.756762052691876e-12,1.3753328927444261e-09
ptend_q0003_19,-1.788518691738319e-11,2.60627248966071e-09
ptend_q0003_20,-3.892759462103763e-11,3.4437640070196616e-09
ptend_q0003_21,-6.487582279904633e-11,4.305073677576383e-09
ptend_q0003_22,-8.633779997969917e-11,5.071085580021882e-09
ptend_q0003_23,-9.976092799290325e-11,5.743548166194318e-09
ptend_q0003_24,-1.1239401672854354e-10,6.2353849367226605e-09
ptend_q0003_25,-1.252417295986497e-10,6.517564921480316e-09
ptend_q0003_26,-1.3046754160366812e-10,6.579011559891169e-09
ptend_q0003_27,-1.1797127700528983e-10,6.5353487961600644e-09
ptend_q0003_28,-9.05642924013444e-11,6.4982795036391045e-09
ptend_q0003_29,-3.961081692161626e-11,6.507674461894198e-09
ptend_q0003_30,3.570714533745553e-11,6.462004902905054e-09
ptend_q0003_31,9.205535658610044e-11,6.123150513787269e-09
ptend_q0003_32,1.0259691740698573e-10,5.557135957185179e-09
ptend_q0003_33,9.255093613165687e-11,4.995542714047526e-09
ptend_q0003_34,8.538118062681762e-11,4.533939117555084e-09
ptend_q0003_35,8.268552795995005e-11,4.147953415351518e-09
ptend_q0003_36,7.336301000208409e-11,3.807309303214589e-09
ptend_q0003_37,5.869458328363529e-11,3.518208556669127e-09
ptend_q0003_38,4.9231548377473206e-11,3.2733359064819102e-09
ptend_q0003_39,4.468677255915391e-11,3.0538966881225716e-09
ptend_q0003_40,3.9690394868787043e-11,2.854252703946953e-09
ptend_q0003_41,3.3652823807599195e-11,2.6739482315478568e-09
ptend_q0003_42,2.8163682069031724e-11,2.5094641818426248e-09
ptend_q0003_43,2.4765986440631136e-11,2.3598570021963288e-09
ptend_q0003_44,2.2439264223150802e-11,2.2178581419029315e-09
ptend_q0003_45,2.0325035186534927e-11,2.085009304095418e-09
ptend_q0003_46,1.880834765765315e-11,1.96365303660994e-09
ptend_q0003_47,2.0937638167928612e-11,1.8572616384874638e-09
ptend_q0003_48,2.5811828778189433e-11,1.7607959302374189e-09
ptend_q0003_49,3.233253603613019e-11,1.678600434382766e-09
ptend_q0003_50,3.646213561174424e-11,1.609637251806718e-09
ptend_q0003_51,3.747096818794243e-11,1.5546261227871521e-09
ptend_q0003_52,3.399386995144357e-11,1.5035082256344448e-09
ptend_q0003_53,2.5452532931877604e-11,1.4473190800973184e-09
ptend_q0003_54,1.2166931821080302e-11,1.3891481023497212e-09
ptend_q0003_55,-2.5956104779374056e-12,1.3408699138509488e-09
ptend_q0003_56,-1.5094266664954904e-11,1.3090163396128281e-09
ptend_q0003_57,-2.17994110468033e-11,1.2896804005041781e-09
ptend_q0003_58,-4.495060968160578e-11,1.2403342531690508e-09
ptend_q0003_59,-2.0626278923270084e-10,1.290465755410366e-09
ptend_u_0,0.0,0.0
ptend_u_1,0.0,0.0
ptend_u_2,0.0,0.0
ptend_u_3,0.0,0.0
ptend_u_4,0.0,0.0
ptend_u_5,0.0,0.0
ptend_u_6,0.0,0.0
ptend_u_7,0.0,0.0
ptend_u_8,0.0,0.0
ptend_u_9,0.0,0.0
ptend_u_10,0.0,0.0
ptend_u_11,0.0,0.0
ptend_u_12,7.149214362424619e-09,2.1713161334196085e-07
ptend_u_13,4.582365170311914e-09,5.012143542882576e-07
ptend_u_14,1.553637595238128e-08,1.1071220788047726e-06
ptend_u_15,2.036994090610161e-08,2.3088699164991728e-06
ptend_u_16,7.182847326440239e-08,4.833574573618687e-06
ptend_u_17,5.229706655639796e-07,9.28024917686669e-06
ptend_u_18,1.4232357185486204e-06,1.7380966919533196e-05
ptend_u_19,1.8599598899122992e-06,2.463932599086717e-05
ptend_u_20,7.119065859459323e-07,2.0923826577084027e-05
ptend_u_21,1.4408564165387028e-08,1.9308886524177387e-05
ptend_u_22,-6.110691877279734e-07,1.7694413844970968e-05
ptend_u_23,-9.707641333295133e-07,1.6536522745560904e-05
ptend_u_24,-1.3771512611826496e-06,1.5316341912371785e-05
ptend_u_25,-1.6411607753278513e-06,1.3898428239245078e-05
ptend_u_26,-1.608781851966052e-06,1.2733741079996306e-05
ptend_u_27,-1.4838454051375312e-06,1.1993047224162615e-05
ptend_u_28,-1.3337279401635104e-06,1.1497256219227889e-05
ptend_u_29,-1.1885251130840723e-06,1.1074965234029502e-05
ptend_u_30,-1.062027495591194e-06,1.06548851537714e-05
ptend_u_31,-9.282028339206737e-07,1.026130655511709e-05
ptend_u_32,-7.847794327525137e-07,9.87176017766944e-06
ptend_u_33,-6.140735788185255e-07,9.57014730677396e-06
ptend_u_34,-4.772046363823522e-07,9.477466713483564e-06
ptend_u_35,-4.1158312937347753e-07,9.636443156666542e-06
ptend_u_36,-4.3693793359229876e-07,1.0054878949102327e-05
ptend_u_37,-4.939788790644009e-07,1.0625210389229093e-05
ptend_u_38,-5.620066716623796e-07,1.1189807983689245e-05
ptend_u_39,-6.464718573774166e-07,1.1660876691598357e-05
ptend_u_40,-7.92102955394063e-07,1.2098280937395421e-05
ptend_u_41,-1.0272650804352744e-06,1.2649446274274181e-05
ptend_u_42,-1.365117098569252e-06,1.3372657807774092e-05
ptend_u_43,-1.8055141874878827e-06,1.4216374715482473e-05
ptend_u_44,-2.343741576802799e-06,1.5288450487458595e-05
ptend_u_45,-2.887730593641544e-06,1.6676780625839517e-05
ptend_u_46,-3.171229057249174e-06,1.8259358647853514e-05
ptend_u_47,-2.963924337747588e-06,1.9863606313183077e-05
ptend_u_48,-2.246762287264489e-06,2.1655610860763955e-05
ptend_u_49,-9.449932364242075e-07,2.3828319079089003e-05
ptend_u_50,8.938091655132014e-07,2.654408296639393e-05
ptend_u_51,3.0984319178220653e-06,2.957164378981645e-05
ptend_u_52,5.133604244551727e-06,3.1422312415595826e-05
ptend_u_53,6.339757523512614e-06,3.133639306283782e-05
ptend_u_54,6.2444884107173626e-06,3.18076424192732e-05
ptend_u_55,5.522432608364552e-06,3.322913738059656e-05
ptend_u_56,5.9227941330630185e-06,3.713612310654167e-05
ptend_u_57,6.426333946186637e-06,3.606165272388346e-05
ptend_u_58,5.68460878856378e-06,3.353391597982759e-05
ptend_u_59,7.799613974850191e-06,5.231238011703168e-05
ptend_v_0,0.0,0.0
ptend_v_1,0.0,0.0
ptend_v_2,0.0,0.0
ptend_v_3,0.0,0.0
ptend_v_4,0.0,0.0
ptend_v_5,0.0,0.0
ptend_v_6,0.0,0.0
ptend_v_7,0.0,0.0
ptend_v_8,0.0,0.0
ptend_v_9,0.0,0.0
ptend_v_10,0.0,0.0
ptend_v_11,0.0,0.0
ptend_v_12,1.693763860770096e-10,1.312837324246448e-07
ptend_v_13,2.5354061343997734e-11,3.1768504417282156e-07
ptend_v_14,1.1717083861860199e-09,7.649082663700676e-07
ptend_v_15,1.123496968898813e-08,1.8531081369064262e-06
ptend_v_16,7.44694743227787e-09,4.654915235895265e-06
ptend_v_17,-1.0004321226348958e-07,9.761013642129398e-06
ptend_v_18,-9.160778455152359e-08,1.461414197925215e-05
ptend_v_19,1.7382255681099846e-07,1.9722893083607652e-05
ptend_v_20,3.3726197238385606e-07,1.9416457248188977e-05
ptend_v_21,3.3502842625255945e-07,1.9152909538012244e-05
ptend_v_22,2.669949953202293e-07,1.8443079673000632e-05
ptend_v_23,-1.7706596819151886e-08,1.789270315553481e-05
ptend_v_24,-1.303940986208377e-07,1.6549398630075967e-05
ptend_v_25,-1.76855859713405e-07,1.4473792079333343e-05
ptend_v_26,-1.619137285466861e-07,1.262465294416484e-05
ptend_v_27,-1.2061283674808267e-07,1.1413604102232389e-05
ptend_v_28,-7.345084782234981e-08,1.0625560907677416e-05
ptend_v_29,-4.797581062509192e-08,9.821852794742261e-06
ptend_v_30,-2.836947642186613e-08,8.9543960114855e-06
ptend_v_31,-2.9645403215996457e-09,8.16927883658146e-06
ptend_v_32,2.0696963669522203e-08,7.576835083997028e-06
ptend_v_33,3.4619155470828565e-08,7.0965607243409886e-06
ptend_v_34,3.176542247444765e-08,6.836473653992743e-06
ptend_v_35,7.376416572654475e-09,6.852492007228308e-06
ptend_v_36,-6.296192842652622e-08,7.171723200978303e-06
ptend_v_37,-1.572237541008106e-07,7.787444491563531e-06
ptend_v_38,-2.4533027060601127e-07,8.576412798417335e-06
ptend_v_39,-3.0013385425257774e-07,9.30688754160587e-06
ptend_v_40,-3.0077197862882057e-07,9.972525584787749e-06
ptend_v_41,-2.2148513934834773e-07,1.0622578689566438e-05
ptend_v_42,-7.581238144721144e-08,1.1301559455061409e-05
ptend_v_43,1.1820466787028354e-07,1.2081990657107467e-05
ptend_v_44,3.236782071165246e-07,1.2976883671626723e-05
ptend_v_45,4.952872659268523e-07,1.4017762513561544e-05
ptend_v_46,6.180967113742161e-07,1.514692462894594e-05
ptend_v_47,6.358030088694655e-07,1.616930591883849e-05
ptend_v_48,5.379194790468271e-07,1.715414173764787e-05
ptend_v_49,3.4014018457572433e-07,1.8261713307286742e-05
ptend_v_50,8.334185067308841e-08,1.9662437428423926e-05
ptend_v_51,-2.3429312106080511e-07,2.1698769176221164e-05
ptend_v_52,-6.819819711324451e-07,2.454238013134108e-05
ptend_v_53,-1.0477539007565268e-06,2.7525633632689535e-05
ptend_v_54,-1.1651718187356203e-06,2.943922027206287e-05
ptend_v_55,-1.0488730676930354e-06,2.9783246861752356e-05
ptend_v_56,-5.344877670266512e-07,2.9429024298087474e-05
ptend_v_57,6.272604765630945e-07,2.758213516372211e-05
ptend_v_58,1.4104498030938578e-06,2.430336245296826e-05
ptend_v_59,6.591279626768381e-07,3.42778795255115e-05
cam_out_NETSW,158.31026090116862,246.65892314523256
cam_out_FLWDS,351.27623707430035,71.97760796743081
cam_out_PRECSC,2.734145930182502e-09,7.389230747224419e-09
cam_out_PRECC,2.9194524434158852e-08,8.185916545425729e-08
cam_out_SOLS,61.80362378634635,110.25467125507163
cam_out_SOLL,67.32431452247248,116.4236142475153
cam_out_SOLSD,33.450291259513236,46.39592982664406
cam_out_SOLLD,17.67568991877513,29.705551522815526
